Date,Location,transceiver,transducer,sphere_id,cwfm,power,pulse_length,transducer_temp,sphere_temp,TS_ref,range,TS_meas,system_gain,Sa_corr_sys,Sv_gain,,,
26-Jan-20,"Port Susan, WA",976714,306,WC38.1_33,CW,250.000,1.02,8 ,9.29,-39.50,23.76,-39.95,27.00 ,0.00 ,26.66,,,
12-Feb-20,"Uganik Bay, AK",976714,306,WC38.1_33,CW,250.000,1.02,4 ,4.38,-39.63 ,20.5,-39.21,26.73 ,-0.09 ,26.82 ,,,
16-Mar-20,"Kalsin Bay, AK",976714,306,WC38.1_33,CW,250.000,1.02,3 ,3.35,-39.66 ,21.21,-39.32,26.85 ,-0.07 ,26.92,,,
19-Feb-21,"Port Madison, WA",976714,306,WC38.1_33,CW,250.000,1.02,,,-39.51 ,24.76,-39.26,27.00 ,0.00 ,26.97,,,
2-Mar-21,"Kalsin Bay, AK",976714,306,WC38.1_33,CW,250.000,1.02,4 ,3.89,-39.63 ,20.99,-40.01,26.99 ,-0.19 ,26.66,,,
15-Mar-21,"Kalsin Bay, AK",976714,306,WC38.1_33,CW,250.000,1.02,3 ,3.28,-39.67 ,21.14,-40.35,26.86 ,-0.19 ,26.42,,,
1-Jun-21,"Kalsin Bay, AK",976714,306,WC38.1_33,CW,250.000,0.51,6 ,5.08,-39.61 ,21.16,-40.17,27.00 ,0.00 ,26.56,,,
10-Jul-21,"Kalsin Bay, AK",976714,306,WC38.1_33,CW,250.000,0.51,7 ,6.58 ,-39.56 ,21.26,-39.38,26.63 ,-0.14 ,26.56,,,
30-Jan-22,"Port Madison, Wa",976714,306,WC38.1_33,CW,250.000,1.02,9 ,8.77,-39.52 ,20.20,-40.49,26.86 ,-0.19 ,26.29,,,
8-Mar-22,"Kalsin Bay, AK",976714,306,WC38.1_33,CW,250.000,1.02,4 ,4.29 ,-39.62 ,21.14 ,-39.47,26.35 ,-0.10 ,26.32,,,
31-May-22,"Captains Bay, AK",976714,306,WC38.1_33,CW,250.000,0.51,5 ,4.15 ,-39.63 ,20.47 ,-40.02,26.63 ,-0.14 ,26.30,,,
31-May-22,"Captains Bay, AK",976714,306,WC38.1_33,CW,250.000,0.51,5 ,4.15 ,-39.64 ,20.45,-40.03,26.63 ,-0.14 ,26.30,,,
9-Jul-22,"Captains Bay, AK",976714,306,WC38.1_33,CW,250.000,0.51,7 ,4.92 ,-39.60 ,21.64,-39.32 ,26.39 ,-0.11 ,26.37 ,,,
5-Aug-22,Captains Bay AK,976714,306,WC38.1_52,CW,250.000,0.51 ,8 ,6.00 ,-39.55 ,19.87,-39.39 ,26.39 ,-0.11 ,26.34 ,,,
25-Jan-23,"Port Madison, Wa",976714,306,WC38.1_33,CW,250.000,1.02,8 ,8.39 ,-39.51 ,20.74,-40.58,26.86 ,-0.19 ,26.18,,,
12-Feb-23,"Uyak Bay, AK",976714,306,WC38.1_33,CW,250.000,1.02,5 ,4.74 ,-39.60 ,24.83,-39.38 ,26.39 ,-0.18 ,26.37 ,,,
13-Mar-23,"Kaiugnak Bay, AK",976714,306,WC38.1_33,CW,250.000,1.02,4 ,4.04 ,-39.63 ,25.31,-39.72 ,26.53 ,-0.13 ,26.38 ,,,
11-Jun-23,"Uyak Bay, AK",976714,306,WC38.1_33,CW,250.000,0.51 ,6 ,5.69 ,-39.58 ,25.05 ,-40.30 ,27.00 ,0.00 ,26.46 ,,,
12-Aug-23,"North Arm, Nuka Bay, Kenai Peninsula, AK",976714,306,WC38.1_33,CW,250.000,0.51 ,12 ,8.77 ,-39.53 ,21.15 ,-39.53 ,26.64 ,-0.16 ,26.49 ,,,
45306,"Port Madison, Wa",976714,306,WC38.1_33,CW,250,1.024,8.67,9.07,-39.5,19.88,-39.92,26.53,-0.13,26.1854766127527,,0.227873202975138,0.0509539972103015
,,,,,,,,,,,,,,,,,,
,,,,,,,,,,,,,,,,,,
,,,,,,,,,,,,,,,,,,
,,,,,,,,,,,,,,,,,,
13-May-05,Port Susan WA,,,,,,,10.9,9.6,,21.74 ,-41.29 ,22.20,-0.59,22.08 ,,0.363538163430565,0.0269472415223138
2-Jun-05,3 Saints AK,,,,,,,8.1,6.5,-42.3,22.95 ,-42.22 ,22.71,-0.66,22.12 ,,,
28-Jul-05,3 Saints Bay AK,,,,,,,12.5,10.9,-42.3,22.80 ,-42.68 ,22.74,-0.67,22.09 ,,,
4-Oct-05,"Cypress Island, WA",,,,,,,10.9,11.0,-42.33,23.30 ,-42.19 ,22.74,-0.67,22.21 ,,,
27-Jan-06,"Eliot Bay, WA 47 37.17, 122 22.79",,,,,,,8.9,9.0,-42.33,24.65 ,-42.47 ,22.81,-0.65,22.15 ,,,
27-Jan-06,"Eliot Bay, WA 47 37.17, 122 22.79",,,,,,,8.9,9.0,-42.28,24.65 ,-42.46 ,22.81,-0.65,22.17 ,,,
2-Apr-06,"Eliot Bay, WA  47 37.5,  122 24.3",,,,,,,8.6,8.5,-42.28,22.09 ,-42.33 ,22.81,-0.65,22.19 ,,,
,,,,,,,,Summer 2005 average,,-42.27,,,,,22.10 ,,,
3-Jul-06,"Captain's Bay, AK",,,,,,,6.6,4.6,,23.29 ,-41.88 ,22.72,-0.63,22.31 ,,,
3-Jul-06,"Captain's Bay, AK",,,,,,,6.6,5.6,-42.22,17.30 ,-42.21 ,22.72,-0.63,22.31 ,,,
14-Jul-06,"Captain's Bay, AK",,,,,,,6.7,4.9,-42.22,23.86 ,-41.92 ,22.72,-0.63,22.30 ,,,
14-Jul-06,"Captain's Bay, AK",,,,,,,6.7,4.9,-42.22,22.81 ,-42.00 ,22.72,-0.63,22.26 ,,,
,,,,,,,,Captain's bay Avg,,-42.22,,,,,22.29 ,,,
24-Jan-07,"Elliot Bay, WA",,,,,,,8.8,8.8,,20.25 ,-42.41 ,22.83,-0.62,22.18 ,,,
,,,,,,,,,,-42.28,,,,,,,,
2-Mar-07,"Captains Bay, AK",,,,,,,3.2,3.5,,18.61 ,-41.54 ,22.76,-0.58,22.39 ,,,
,,,,,,,,3.2,3.5,-42.14,18.63 ,-41.57 ,22.76,-0.58,22.40 ,,,
10-Mar-07,"Portage Bay, AK",,,,,,,3.3,3.9,-42.14,18.48 ,-42.22 ,23.06,-0.67,22.41 ,,,
,,,,,,,,3.3,3.9,-42.16,18.47 ,-42.15 ,23.06,-0.67,22.42 ,,,
23-Mar-07,"Uyak Bay, AK",,,,,,,2.3,2.3,-42.16,18.75 ,-42.05 ,23.06,-0.67,22.45 ,,,
,,,,,,,,2.3,2.3,-42.09,19.16 ,-42.14 ,23.06,-0.67,22.43 ,,,
,,,,,,,,AK winter 07 avgs,,-42.09,,,,,22.42 ,,,
2-Jun-07,"Captains Bay, AK",,,,,,,3.6,3.4,,18.80 ,-42.32 ,23.06,-0.67,22.37 ,,,
,,,,,,,,,,-42.14,18.61 ,-42.32 ,23.06,-0.67,22.33 ,,,
,,,,,,,,3.6,3.4,-42.14,18.80 ,-41.65 ,23.06,-0.67,22.72 ,,,
,,,,,,,,,,-42.14,,-42.32 ,23.06,-0.67,,,,
21-Jun-07,"Captains Bay, AK",,,,,,,5.7,3.9,-42.14,18.31 ,-42.44 ,22.97,-0.60,22.21 ,,,
9-Jul-07,"Captains Bay, AK",,,,,,,5.8,4.0,-42.17,20.98 ,-42.51 ,22.97,-0.60,22.21 ,,,
29-Jul-07,"Captains Bay, AK",,,,,,,7.5,4.0,-42.20,27.41 ,-42.56 ,22.97,-0.60,22.39 ,,,
,,,,,,,,AK summer 07 avgs,,-42.22,,,,,22.29 ,,,
26-Jan-08,"Elliot Bay, WA",,,,,,,8.1,8.1,,20.19 ,-42.91 ,23.05,-0.63,22.09 ,,,
,,,,,,,,,,-42.26,,,,,,,,
6-Feb-08,3 Saints Bay AK,,,,,,,2.5,2.5,,20.06 ,-42.25 ,23.05,-0.63,22.33 ,,,
,,,,,,,,2.5,2.5,-42.11,13.89 ,-42.22 ,23.05,-0.63,22.32 ,,,
,,,,,,,,3 saints bay Avg,,-42.11,,,,,22.32 ,,,
15-Feb-08,"Captain's Bay, AK",,,,,,,2.7,3.0,,22.03 ,-42.27 ,22.99,-0.66,22.33 ,,,
15-Feb-08,"Captain's Bay, AK",,,,,,,2.7,3.0,-42.14,21.78 ,-42.19 ,22.99,-0.66,22.31 ,,,
,,,,,,,,Captain's bay Avg,,-42.14,,,,,22.32 ,,,
22-Mar-08,Kizhuyak Bay,,,,,,,3.0,3.0,,18.88 ,-42.11 ,22.95 ,-0.61,22.34 ,,,
,,,,,,,,AK winter 08 avg,,-42.13,,,,,22.33 ,,,
,,,,,,,,Shumagin IVC,,,,,22.99,-0.66,,,,
,,,,,,,,Shelikof survey,,,,,22.95 ,-0.61,,,,
2-Jun-08,"Captain's Bay, AK",,,,,,,4.2,3.5,,20.64 ,-42.33 ,22.95 ,-0.61,22.24 ,,,
,,,,,,,,4.2,3.5,-42.17,19.95 ,-42.20 ,22.95 ,-0.61,22.26 ,,,
,,,,,,,,Captain's bay Avg,,-42.17,,,,,22.25 ,,,
11-Jul-08,"Captains Bay, AK, rep 1",,,,,,,5.9,4.0,,24.54 ,-42.43 ,22.90 ,-0.60,22.13 ,,,
11-Jul-08,"Captains Bay, AK, rep 2",,,,,,,5.9,4.0,-42.19,27.57 ,-42.59 ,22.90 ,-0.60,22.11 ,,,
11-Jul-08,"Captains Bay, AK, rep 3",,,,,,,5.9,4.0,-42.19,26.64 ,-42.66 ,22.90 ,-0.60,22.07 ,,,
,,,,,,,,11 july Avg,,-42.19,,,,,22.10 ,,,
16-Jul-08,at sea EBS ,,,,,,,5.8,2.3,,,,,,,,,
31-Jul-08,Nateekin Bay,,,,,,,6.4,6.0,-42.18,16.05 ,-42.43 ,22.90 ,-0.60,22.18 ,,,
,,,,,,,,AK summer 08 avg and EBS scaler,,-42.22,,,22.90 ,-0.60,22.18 ,,,
28-Jan-09,"Elliot Bay, WA",,,,,,,7.4,7.7,,20.35 ,-42.12 ,22.80 ,-0.63,22.26 ,,,
,,,,,,,,7.4,7.7,-42.24,20.64 ,-42.17 ,22.80 ,-0.63,22.18 ,,,
12-Feb-09,3 Saints Bay AK,,,,,,,2.9,2.9,-42.24,19.25 ,-42.20 ,22.99 ,-0.66,22.34 ,,,
12-Feb-09,3 Saints Bay AK,,,,,,,2.9,2.9,-42.11,26.05 ,-41.97 ,22.99 ,-0.66,22.40 ,,,
,Shumagin survey settings,,,,,,,,,-42.11,,,,,,,,
8-Mar-09,"Broad Bay, AK",,,,,,,3.0,3.0,,19.25 ,-42.09 ,22.95 ,-0.60,22.35 ,,,
28-Mar-09,Kizhuyak Bay,,,,,,,2.8,2.2,-42.15,24.35 ,-41.86 ,22.95 ,-0.60,22.38 ,,,
,,,,,,,,2.8,2.2,-42.09,17.65 ,-41.83 ,22.95 ,-0.60,22.49 ,,,
,,,,,,,,AK winter 09 avgs and scaler,,-42.09,,,22.95 ,-0.60,22.36 ,,,
10-Jun-09,"3 Saints Bay, AK",,,,,,,6.9,4.7,,18.22 ,-42.61 ,23.00,-0.64,22.19 ,,,
2-Jul-09,Captains Bay,,,,,,,6.1,4.1,-42.19,16.93 ,-42.11 ,22.79,-0.46,22.23 ,,,
2-Jul-09,Captains Bay,,,,,,,6.1,4.1,-42.17,16.91 ,-49.64 ,26.00,0.00,21.69 ,,,
2-Jul-09,Captains Bay,,,,,,,6.1,4.1,-42.18,16.92 ,-48.16 ,24.00,0.00,20.38 ,,,
6-Aug-09,Anderson Bay,,,,,,,7.1,6.4,-42.18,17.36 ,-42.18 ,22.79,-0.46,22.22 ,,,
6-Aug-09,Anderson Bay,,,,,,,7.1,6.4,-42.24,19.32 ,-49.61 ,26.00,0.00,21.61 ,,,
,,,,,,,,AK summer 09 avg (1.024 pl),,-42.24,,,22.79,-0.46,22.21 ,,,
,,,,,,,,AK summer 09 avg (0.512 pl),,,,,,,21.65 ,,,
Note: nominal TS for July 2nd 2009 was updated to -42.18 based on entering a sound speed of 1464.22 into the tungsten carbide extrapolation sheet after the biomass estimates had been finalized. Th elected to use original value (-42.17) to avoid changing the survey scalar  and all numbers by a very tiny amount. ,,,,,,,,,,,,,,,,,,
,,,,,,,,,,,,,,,,,,
9-Feb-10,"Elliot Bay, WA",,,,,,,8.9,8.8,,17.46 ,-42.56 ,23.00 ,-0.64,22.23 ,,,
,,,,,,,,,,-42.28,,,,,,,,
22-Feb-10,3 Saints Bay,,,,,,,4.2,4.8,,19.60 ,-42.25 ,23.00 ,-0.64,22.36 ,,,
29-Mar-10,3 Saints Bay,,,,,,,4.3,4.1,-42.18,19.97 ,-42.07 ,22.97 ,-0.61,22.32 ,,,
,,,,,,,,AK winter 10 avgs and scaler,,-42.18,,,22.97 ,-0.61,22.34 ,,,
,,,,,,,,,,,,,,,,,,
5-Jun-10,"3 Saints Bay, (ek5) sphere 33",,,,,,,7.9,6.3,,17.52 ,-42.32 ,22.97 ,-0.61,22.36 ,,,
6-Jun-10,"3 Saints Bay, WC sphere #38",,,,,,,7.9,6.3,-42.24,17.07 ,-42.46 ,22.97 ,-0.61,22.26 ,,,
6-Jun-10,"3 Saints Bay, WC sphere #39",,,,,,,7.9,6.3,-42.24,21.97 ,-42.53 ,22.97 ,-0.61,22.13 ,,,
6-Jun-10,"3 Saints Bay, WC sphere #40",,,,,,,7.9,6.3,-42.23,16.92 ,-42.69 ,22.97 ,-0.61,22.14 ,,,
6-Jun-10,"3 Saints Bay, WC sphere #41",,,,,,,7.9,6.3,-42.24,21.70 ,-42.99 ,22.97 ,-0.61,21.88 ,,,
5-Jun-10,"3 Saints Bay, (raw) sphere 33",,,,,,,7.9,6.3,-42.23,17.45 ,-42.40 ,22.97 ,-0.61,22.33 ,,,
,,,,,,,,,,-42.24,,,,,,,,
6-Aug-10,"Anderson Bay, AK sphere 33 ek5",,,,,,,8.2,6.2,,22.59 ,-42.78 ,22.93 ,-0.57,21.94 ,,,
,"Anderson Bay, AK sphere 33 ek5",,,,,,,8.2,6.2,-42.24,22.62 ,-42.55 ,22.93 ,-0.57,22.14 ,,,
7-Aug-10,"Anderson Bay, AK sphere 33 ek5",,,,,,,8.2,6.2,-42.24,20.96 ,-42.63 ,22.93 ,-0.57,22.14 ,,,
,"Anderson Bay, AK sphere 34 ek5",,,,,,,8.2,6.5,-42.25,18.35 ,-42.22 ,22.93 ,-0.57,22.33 ,,,
,,,,,,,,AK summer 10 avgs and scaler,,-42.24,,,,,22.22 ,,,
,n.b. ref sphere TS values now calculated using Egil Ona  .m  code originally from MacLennan,,,,,,,,,,,,,,,,,
2-May-11,"SmithCove, P. Sound, sphere 34 raw",,,,,,,8.84,8.13,,13.45 ,-49.40 ,26.00,0.00,21.70 ,,,
2-May-11,"SmithCove, P. Sound, sphere 34 raw",,,,,,,8.84,8.13,-42.19,13.50,-42.08,22.86,-0.63,22.30 ,,,
2-May-11,"SmithCove, P. Sound, sphere 34 raw",,,,,,,8.84 ,8.1,-42.24,13.41 ,-49.13 ,26.50 ,0.00,22.66 ,,,
2-May-11,"SmithCove, P. Sound, sphere 34 raw",,,,,,,8.84 ,8.1,-42.30,13.21 ,-49.39 ,26.50 ,0.00,22.69 ,,,
,,,,,,,,,,-42.32,,,,,,,,
14-Jun-11,"3 Saints Bay, sphere 33 raw, 0.5ms",,,,,,,6.6563,5.8833,,21.43 ,-42.44 ,22.43 ,-0.69 ,21.60 ,,,
14-Jun-11,"3 Saints Bay, sphere 33 raw, 1ms",,,,,,,6.6563,5.8833,-42.16 ,21.38 ,-41.46 ,22.43 ,-0.69 ,22.23 ,,,
14-Jun-11,"3 Saints Bay, sphere 33 raw, 2 ms",,,,,,,6.6563,5.8833,-42.22,21.35 ,-41.24 ,22.43 ,0.00 ,22.50 ,,,
14-Jun-11,"3 Saints Bay, sphere 33 raw, 4 ms",,,,,,,6.6563,5.8833,-42.27,21.48 ,-41.19 ,22.43 ,0.00 ,22.69 ,,,
14-Jun-11,"3 Saints Bay, sphere 60mm cu #26, raw, 0.5ms",,,,,,,6.6563,5.8833,-42.30,25.29 ,-33.77 ,22.43 ,-0.69 ,21.71 ,,,
14-Jun-11,"3 Saints Bay, sphere 60mm cu #26 raw, 1ms",,,,,,,6.6563,5.8833,-33.70 ,25.34 ,-33.50 ,22.95 ,-0.64 ,22.33 ,,,
,,,,,,,,,,-33.66,,,,,21.66 ,,,
7-Aug-11,"Kalsin Bay, WC sphere #33 raw, 0.5 ms",,,,,,,9.74 ,9.21 ,,15.91 ,-42.87 ,22.34 ,-0.69 ,21.46 ,,,
7-Aug-11,"Kalsin Bay, Cu sphere 60 mm #25 raw, 0.5 ms",,,,,,,9.74 ,9.23 ,-42.23 ,15.24 ,-33.80 ,22.34 ,-0.69 ,21.55 ,,,
,,,,,,,,,,-33.65 ,,,,,21.50 ,,,
7-Aug-11,"Kalsin Bay, WC sphere #33 raw, 1.0 ms",,,,,,,9.74 ,9.23 ,,15.48 ,-41.40 ,22.34 ,-0.69 ,22.22 ,,,
7-Aug-11,"Kalsin Bay, WC sphere #33 raw, 2.0 ms",,,,,,,9.74 ,9.23 ,-42.29 ,15.38 ,-41.21 ,22.34 ,-0.69 ,22.42 ,,,
7-Aug-11,"Kalsin Bay, WC sphere #33 raw, 4.0 ms",,,,,,,9.74 ,9.23 ,-42.35 ,15.58 ,-40.97 ,22.34 ,-0.69 ,22.72 ,,,
,,,,,,,,,,-42.37 ,,,,,21.58 ,,,
,,,,,,,,,,,,,,,22.26 ,,,
2-Feb-12,"Elliot Bay, WA",,,,,,,8.9,8.8,,19.22 ,-42.51 ,22.88 ,-0.61 ,22.17 ,,,
14-Feb-12,"Ikatan Bay, AK",,,,,,,0.3,0.3,-42.28,19.34 ,-41.56 ,22.88 ,-0.61 ,22.47 ,,,
,,,,,,,,,,-41.98,,,,,,,,
26-Mar-12,"Malina Bay, AK",,,,,,,1.8,2.0,,19.82 ,-42.43 ,23.09 ,-0.62 ,22.32 ,,,
,,,,,,,,,,-42.06,,,,,,,,
,,,,,,,,AK winter 2012 final cal values (1.0 ms PL),,,,,,,22.40 ,,,
,,,,,,,,,,,,,,,,,,
7-Jun-12,"Captains Bay, AK 0.5ms",,,,,,,4.06 ,2.97 ,,20.81 ,-42.15 ,22.24 ,-0.66 ,21.71 ,,,
10-Aug-12,"Captains Bay, AK 0.5ms",,,,,,,7.23 ,4.62,-42.06 ,23.49 ,-42.25 ,22.20 ,-0.48 ,21.54 ,,,
,,,,,,,,,,-42.13 ,,,,,21.63 ,,,
,,,,,,,,,,,,,,,,,,
26-Jan-13,"Port Madison, WA 1.024 ms Gear trials",,,,,,,8.30 ,8.62 ,,,,22.77 ,-0.59 ,,,,
9-Feb-13,"Volcano Bay, AK",,,,,,,2.16 ,2.30 ,-42.26 ,23.07 ,-41.68 ,22.77 ,-0.59 ,22.31 ,,,
27-Mar-13,"3 Saints Bay, AK",,,,,,,3.96,3.94,-42.07 ,30.07 ,-42.37 ,22.97 ,-0.66 ,22.28 ,,,
,,,,,,,,AK winter 2013 final cal values (1.0 ms PL),,-42.15 ,,,,,22.29 ,,,
8-Jun-13,"Captain's Bay, AK, sphere 33 WC, 0.5 ms",,,,,,,5.42 ,3.83 ,,22.55 ,-41.97 ,22.17 ,-0.54 ,21.56 ,,,
7-Aug-13,"Sea Otter Bay, AK, sphere 33 WC, 0.5 ms",,,,,,,9.80 ,7.40 ,-42.10 ,19.17 ,-42.60 ,22.24 ,-0.68 ,21.52 ,,,
,,,,,,,,AK summer 2013 final cal values (0.5 ms PL),,-42.19 ,,,,,21.54 ,,,
8-Feb-14,"Port Madison, WA 1.024 ms gear trials",,,,,,,,,,17.85 ,,22.91 ,-0.62 ,,,,
,,,,,,,,,,-42.25 ,,,,,,,,
21-Feb-14,"Uyak Bay, Ak sphere 33 WC, 1.024 ms",,,,,,,3.19 ,4.43 ,,21.72 ,-42.49 ,22.91 ,-0.62 ,22.12 ,,,
23-Mar-14,"Izhut Bay, Ak sphere 33 WC, 1.024 ms",,,,,,,4.52 ,4.56,-42.16 ,16.0,-42.13,22.75,-0.62,22.12 ,,,
23-Mar-14,"Izhut Bay, Ak sphere 33 WC, 1.024 ms",,,,,,,4.52 ,4.57,-42.17,24.86,-42.21,22.75,-0.62,22.10 ,,,
,,,,,,,,AK winter 2014 final cal values (1.0 ms PL),,-42.17,,,,,22.11 ,,,
12-Jun-14,"Captains Bay, AK, sphere 33, 0.512 ms",,,,,,,6.71 ,5.25 ,,19.16 ,-42.46 ,22.14 ,-0.59 ,21.48 ,,,
13-Aug-14,"Captains Bay, AK, sphere 33, 0.512 ms",,,,,,,9.76 ,6.97 ,-42.14 ,19.89 ,-42.27 ,21.98 ,-0.50 ,21.31 ,,,
,,,,,,,,AK summer 2014 final cal values (0.5 ms PL),,-42.19 ,,,,,21.40 ,,,
,,,,,,,,,,,,,,,,,,
19-Jan-14,"Port Madison, sphere 33, 1 ms",,,,,,,9.89 ,9.97 ,,,,22.47 ,-0.63 ,,,,
10-Feb-15,"Uganik Bay, sphere 33, 1.024ms",,,,,,,5.85 ,6.00 ,-42.28 ,18.75 ,-42.59 ,22.74 ,-0.63 ,21.94 ,,,
24-Mar-15,"3 Saints Bay, AK, sphere 33, 1.024ms",,,,,,,5.52 ,5.42 ,-42.21 ,14.88 ,-42.55 ,22.75 ,-0.59 ,21.97 ,,,
,,,,,,,,AK winter 2015 final cal values (1.0 ms PL),,-42.19 ,,,,,21.96 ,,,
11-Jun-15,"Kalsin Bay, AK, sphere 33, 0.512 ms",,,,,,,8.30 ,7.50 ,,33.26 ,-42.25 ,21.96 ,-0.56 ,21.33 ,,,
13-Aug-15,"Yakutat Bay, AK, sphere 33, 0.512 ms",,,,,,,12.34 ,10.17 ,-42.19 ,32.61 ,-42.39 ,21.93 ,-0.60 ,21.27 ,,,
,,,,,,,,AK summer 2015 final cal values (0.5 ms PL),,-42.24 ,,,,,21.30 ,,,
25-Jan-16,"Port Madison, WA 1.024 ms gear trials WC #33",,,,,,,9.38 ,9.47 ,,20.98 ,-42.37 ,22.56 ,-0.60 ,21.89 ,,,
11-Feb-16,"Kalsin Bay, AK WC 33  1.024 ms",,,,,,,5.27 ,5.37,-42.28 ,20.72 ,-42.19 ,22.56 ,-0.60 ,21.92 ,,,
18-Mar-16,"Alitak Bay, AK WC 33 1.024 ms",,,,,,,4.98 ,4.95,-42.19 ,22.15 ,-42.04 ,22.56 ,-0.64 ,22.00 ,,,
,,,,,,,,4.98 ,4.95,-42.18 ,22.15 ,-42.17 ,22.56 ,-0.64 ,21.95 ,,,
,,,,,,,,4.98 ,4.95,-42.18 ,21.87 ,-42.12 ,22.56 ,-0.64 ,21.95 ,,,
,,,,,,,,AK winter 2016 final cal values (1.024 ms PL),,-42.18 ,,,,,21.94 ,,,
13-Jun-16,"Captains Bay, AK, sphere 33, 0.512 ms",,,,,,,7.40 ,5.90 ,,20.70 ,-42.43 ,21.93 ,-0.60 ,21.22 ,,,
16-Aug-16,"Captains Bay, AK, sphere 33, 0.512 ms",,,,,,,10.60 ,7.90 ,-42.16 ,18.87 ,-42.13 ,21.80 ,-0.57 ,21.23 ,,,
,,,,,,,,AK summer 2016 final cal values (0.5 ms PL),,-42.21 ,,,,,21.23 ,,,
23-Jan-17,"Port Madison, WA 1.024 ms gear trials WC #33",,,,,,,8.31 ,8.59 ,,27.34 ,-42.36 ,22.56 ,-0.64 ,21.88 ,,,
14-Feb-17,"Volcano Bay, AK WC Sphere 33   1.024ms",,,,,,,3.08 ,3.09 ,-42.25 ,20.15 ,-41.84 ,22.51 ,-0.62 ,22.02 ,,,
27-Mar-17,"Izut Bay, AK WC sphere 33 1.024ms",,,,,,,3.90 ,3.83 ,-42.10 ,32.29 ,-41.98 ,22.51 ,-0.62 ,21.96 ,,,
,,,,,,,,AK winter 2017 final cal values (1.024 ms PL),,-42.15 ,,,,,21.99 ,,,
8-Jun-17,"Kalsin Bay, AK, WC sphere 33, 0.512 ms",,,,,,,7.94 ,6.58 ,,35.00 ,-41.66 ,21.82 ,-0.59 ,21.45 ,,,
8-Jun-17,"Kalsin Bay, AK, Cu 60mm sphere #25, 0.512 ms",,,,,,,7.94 ,6.58 ,-42.19 ,35.38 ,-33.65 ,21.82 ,-0.59 ,21.28 ,,,
16-Aug-17,"Kalsin Bay, AK, WC sphere 33, 0.512 ms",,,,,,,9.60 ,9.50 ,-33.68 ,19.92 ,-42.65 ,22.09 ,-0.63 ,21.28 ,,,
,,,,,,,,,,-42.23 ,,,,,21.37 ,,,
27-Jan-18,"Port Madison, WA 1.024 ms gear trials WC #33",,,,,,,8.60 ,8.90 ,,20.97 ,-42.24 ,22.62 ,-0.63 ,22.03 ,,,
27-Jan-18,"Port Madison, WA 1.024 ms gear trials WC #33",,,,,,,8.60 ,8.90 ,-42.27 ,20.91 ,-42.21 ,22.62 ,-0.63 ,22.02 ,,,
27-Jan-18,"Port Madison, WA 1.024 ms gear trials WC #33",,,,,,,8.60 ,8.90 ,-42.27 ,20.73 ,-48.04 ,25.50 ,0.00 ,21.96 ,,,
27-Jan-18,"Port Madison, WA 1.024 ms gear trials WC #33",,,,,,,8.60 ,8.90 ,-42.27 ,20.65 ,-42.36 ,22.62 ,-0.63 ,21.94 ,,,
,,,,,,,,gear trials 2018 final cal values (1.024 ms PL),,-42.27 ,,,,,21.99 ,,,
5-Feb-18,"Kalsin Bay, AK, WC sphere 33, 1.024 ms",,,,,,,3.05 ,3.43 ,,20.61 ,-42.16 ,22.64 ,-0.61 ,21.96 ,,,
6-Feb-18,"Kalsin Bay, AK, WC sphere 33, 1.024 ms",,,,,,,3.05 ,3.43 ,-42.13 ,20.65 ,-42.14 ,22.64 ,-0.61 ,22.00 ,,,
5-Feb-18,"Kalsin Bay, AK, WC sphere 33, 1.024 ms",,,,,,,3.05 ,3.43 ,-42.13 ,20.47 ,-44.25 ,23.67 ,-0.16 ,21.99 ,,,
,,,,,,,,shumgain cal 1 final values (1.024 ms PL),,-42.13 ,,,,,21.98 ,,,
13-Feb-18,"Volcano Bay, AK 1.024 ms WC #33",,,,,,,3.59 ,3.73,,21.41,-42.14,22.63,-0.67,21.99 ,,,
13-Feb-18,"Volcano Bay, AK 1.024 ms WC #33",,,,,,,3.59 ,3.73,-42.13 ,20.70,-42.08,22.63,-0.67,22.00 ,,,
13-Feb-18,"Volcano Bay, AK 1.024 ms WC #33",,,,,,,3.59 ,3.73,-42.13 ,20.66 ,-44.65 ,23.95 ,-0.02 ,22.04 ,,,
,,,,,,,,shumgain cal 2 final values (1.024 ms PL),,-42.13 ,,,,,22.00 ,,,
14-Feb-18,"Kalsin Bay, AK, WC sphere 33, 1.024 ms",,,,,,,3.63 ,3.99,,19.94 ,-42.18 ,22.63 ,-0.67 ,21.96 ,,,
14-Feb-18,"Kalsin Bay, AK, WC sphere 33, 1.024 ms",,,,,,,3.63 ,3.99,-42.15 ,19.75 ,-42.12 ,22.63 ,-0.67 ,22.00 ,,,
14-Feb-18,"Kalsin Bay, AK, WC sphere 33, 1.024 ms",,,,,,,3.63 ,3.99,-42.15 ,19.75 ,-44.82 ,23.95 ,-0.02 ,21.97 ,,,
,,,,,,,,shumgain cal 3 final values (1.024 ms PL),,-42.15 ,,,,,21.98 ,,,
12-Mar-18,"Captain's Bay, AK, WC sphere 33, 1024 ms",,,,,,,3.97 ,4.31,,20.51 ,-42.35 ,22.63 ,-0.67 ,21.91 ,,,
12-Mar-18,"Captain's Bay, AK, WC sphere 33, 1024 ms",,,,,,,3.97 ,4.31,-42.16 ,20.60 ,-45.11 ,23.95 ,-0.02 ,21.85 ,,,
,,,,,,,,shelikof cal 1 final values (1.024 ms PL),,-42.16 ,,,,,21.91 ,,,
23-Mar-18,"Kalsin Bay, AK, WC sphere 33, 1024 ms",,,,,,,4.03 ,4.04,,19.76 ,-42.18 ,22.63 ,-0.67 ,22.00 ,,,
23-Mar-18,"Kalsin Bay, AK, WC sphere 33, 1024 ms",,,,,,,4.03 ,4.04,-42.15 ,19.76 ,-42.19 ,22.63 ,-0.67 ,22.01 ,,,
23-Mar-18,"Kalsin Bay, AK, WC sphere 33, 1024 ms",,,,,,,4.03 ,4.04,-42.15 ,19.58 ,-42.26 ,22.63 ,-0.67 ,21.95 ,,,
23-Mar-18,"Kalsin Bay, AK, WC sphere 33, 1024 ms",,,,,,,4.03 ,4.04,-42.15 ,19.58 ,-42.21 ,22.63 ,-0.67 ,21.99 ,,,
23-Mar-18,"Kalsin Bay, AK, WC sphere 33, 1024 ms",,,,,,,4.03 ,4.04,-42.15 ,19.58 ,-42.27 ,22.63 ,-0.67 ,21.94 ,,,
23-Mar-18,"Kalsin Bay, AK, WC sphere 33, 1024 ms",,,,,,,4.03 ,4.04,-42.15 ,19.58 ,-42.25 ,22.63 ,-0.67 ,21.98 ,,,
23-Mar-18,"Kalsin Bay, AK, WC sphere 33, 1024 ms",,,,,,,4.03 ,4.04,-42.15 ,19.57 ,-42.24 ,22.63 ,-0.67 ,21.96 ,,,
23-Mar-18,"Kalsin Bay, AK, WC sphere 33, 1024 ms",,,,,,,4.03 ,4.04,-42.15 ,19.57 ,-42.30 ,22.63 ,-0.67 ,21.98,,,
23-Mar-18,"Kalsin Bay, AK, WC sphere 33, 1024 ms",,,,,,,4.03 ,4.04,-42.15 ,19.58 ,-42.32 ,22.63 ,-0.67 ,21.93,,,
23-Mar-18,"Kalsin Bay, AK, WC sphere 33, 1024 ms",,,,,,,4.03 ,4.04,-42.15 ,19.58 ,-42.27 ,22.63 ,-0.67 ,21.96,,,
23-Mar-18,"Kalsin Bay, AK, WC sphere 33, 1024 ms",,,,,,,4.03 ,4.04,-42.15 ,14.33 ,-42.24 ,22.63 ,-0.67 ,21.96 ,,,
23-Mar-18,"Kalsin Bay, AK, WC sphere 33, 1024 ms",,,,,,,4.03 ,4.04,-42.15 ,14.33 ,-42.25 ,22.63 ,-0.67 ,21.97,,,
23-Mar-18,"Kalsin Bay, AK, WC sphere 33, 1024 ms",,,,,,,4.03 ,4.04,-42.15 ,35.87 ,-42.19 ,22.63 ,-0.67 ,21.97,,,
23-Mar-18,"Kalsin Bay, AK, WC sphere 33, 1024 ms",,,,,,,4.03 ,4.04,-42.15 ,35.87 ,-42.22 ,22.63 ,-0.67 ,22.01,,,
,,,,,,,,shelikof cal 2 final values (1.024 ms PL),,-42.15 ,,,,,21.96,,,
,,,,,,,,AK winter 2018 final cal values (1.024 ms PL),,,,,,,21.97,,,
7-Jun-18,"Captains Bay, AK, sphere 33, 0.512 ms",,,,,,,5.20 ,5.30,,40.84 ,-40.71 ,21.37 ,-0.62 ,21.49,,,
25-Aug-18,"Kalsin Bay, AK, WC sphere 33,  0.512 ms",,,,,,,10.30 ,10.09,-42.14 ,19.36 ,-42.63 ,22.09 ,-0.59 ,21.22,,,
,,,,,,,,EBS summer 2018 final values (0.512 ms PL),,-42.23 ,,,,,21.36 ,,,
9-Apr-19,"Port Madison, WA, WC sphere 42, 0.512 ms",,,,,,,9.15 ,8.65,,20.69 ,-42.29 ,22.09 ,-0.59 ,21.45 ,,,
,,,,,,,,,,-42.21 ,,,,,,,,
31-May-19,"Kalsin Bay, AK, 0.512 ms, WC sphere 33",,,,,,,8.00 ,7.20,,20.28 ,-42.50 ,22.05 ,-0.60 ,21.2720556000144,,,
5-Aug-19,"Redfield Cove, Yakutat Bay, 0.512 ms, WC sphere 33",,,,,,,7.92 ,7.06,-42.19 ,32.35 ,-41.70 ,21.89 ,-0.62 ,21.5510465518146,,,
5-Aug-19,"Redfield Cove, Yakutat Bay, 0.512 ms, WC sphere 33",,,,,,,7.92 ,7.06,-42.19 ,31.88 ,-41.83 ,21.89 ,-0.62 ,21.459297411995,,,
,,,,,,,,,,-42.19 ,,,,,21.3666855212744,,,
